Index	Name	Email	Phone	Date	City	Zip	Text
1	Grant B. Edwards	parturient.montes@estNunc.edu	1-976-381-3578	October 16th, 2018	Gierle	52-446	NULLA DIGNISSIM. MAECENAS
2	James Gamble	Sed.nec.metus@ridiculusmusProin.com	1-810-166-6745	November 4th, 2019	Cincinnati	T4K 6R9	NEQUE. NULLAM UT NISI A
3	Quinlan H. Sandoval	non.nisi.Aenean@dignissimpharetraNam.edu	1-746-392-4093	May 10th, 2019	Huntly	Q27 2MF	MAURIS MAGNA. DUIS DIGNISSIM TEMPOR ARCU. VESTIBULUM UT EROS NON ENIM COMMODO HENDRERIT. DONEC PORTTITOR TELLUS
4	Britanni E. Alford	fringilla.Donec@pedesagittis.co.uk	1-278-623-0119	May 9th, 2018	Ham-sur-Sambre	9477	NON, LUCTUS SIT AMET, FAUCIBUS UT, NULLA. CRAS EU TELLUS EU
5	Logan I. Blackwell	lobortis.Class@sodalespurusin.co.uk	1-698-106-4459	May 30th, 2018	Tours	6656 YM	UT LACUS. NULLA TINCIDUNT, NEQUE VITAE SEMPER
6	Amethyst E. Thornton	a.magna.Lorem@at.net	1-820-310-8358	October 27th, 2019	Spittal an der Drau	565556	ALIQUAM EROS TURPIS NON ENIM. MAURIS QUIS TURPIS VITAE PURUS
7	Jakeem Sheppard	augue.id.ante@lobortismaurisSuspendisse.edu	1-959-627-2069	April 28th, 2019	Poviglio	T5B 8V5	INTERDUM. NUNC SOLLICITUDIN COMMODO IPSUM. SUSPENDISSE NON LEO. VIVAMUS NIBH DOLOR,
8	Malachi R. Blevins	venenatis.vel@Donectempus.com	1-989-628-6070	May 20th, 2018	Warri	34018	SIT AMET METUS. ALIQUAM ERAT VOLUTPAT. NULLA FACILISIS. SUSPENDISSE COMMODO TINCIDUNT NIBH.
9	Brock X. Oneal	amet@atfringillapurus.ca	1-501-462-8416	January 24th, 2018	Empoli	1277 UT	NEC, MOLLIS VITAE, POSUERE AT, VELIT. CRAS LOREM
10	Carla R. Wheeler	orci.Ut.semper@turpisNullaaliquet.com	1-849-670-5129	November 19th, 2017	Chiaromonte	31212	TEMPOR AUGUE AC IPSUM. PHASELLUS VITAE MAURIS SIT AMET LOREM SEMPER AUCTOR. MAURIS VEL
11	Vivien Hampton	massa.Suspendisse@metusurnaconvallis.co.uk	1-550-329-5498	January 11th, 2019	Krems an der Donau	675988	SEM UT CURSUS LUCTUS, IPSUM LEO ELEMENTUM SEM, VITAE ALIQUAM EROS TURPIS NON ENIM. MAURIS QUIS TURPIS VITAE
12	Maris Weaver	Pellentesque.ultricies.dignissim@necante.ca	1-991-337-2749	February 19th, 2018	Móstoles	2092 KM	NISL ARCU IACULIS ENIM, SIT AMET ORNARE LECTUS JUSTO EU ARCU.
13	Jemima Henry	tellus.justo.sit@lobortisquispede.co.uk	1-336-463-7614	September 3rd, 2019	Straubing	606331	MAGNA. SUSPENDISSE TRISTIQUE NEQUE VENENATIS LACUS. ETIAM
14	Signe Winters	ac.mattis.velit@ultricesaauctor.com	1-425-705-0400	January 22nd, 2018	Chittoor	77629	DOLOR SIT
15	Quamar M. Roberts	libero.dui@aliquet.co.uk	1-445-666-0161	March 8th, 2019	Pramaggiore	84191	EST, MOLLIS NON, CURSUS NON, EGESTAS A,
16	Britanni Odom	Duis.ac@aliquameuaccumsan.ca	1-679-162-5716	October 30th, 2018	Alto del Carmen	482888	IACULIS ENIM, SIT AMET ORNARE LECTUS JUSTO EU ARCU. MORBI SIT AMET MASSA. QUISQUE PORTTITOR EROS NEC TELLUS. NUNC LECTUS
17	Helen U. Norton	quis.diam@anteVivamusnon.ca	1-236-877-8846	May 25th, 2018	Dover	55658	NULLA
18	Russell Callahan	pede@vestibulummassa.co.uk	1-992-934-8097	September 27th, 2019	Horsham	80293	MOLLIS. DUIS SIT AMET DIAM EU
19	Liberty Z. Tyson	dictum@Aeneaneuismodmauris.com	1-606-986-7815	January 5th, 2018	Nederokkerzeel	848809	ERAT VOLUTPAT. NULLA DIGNISSIM.
20	Mechelle Matthews	felis@elitfermentum.co.uk	1-582-788-3203	December 1st, 2017	Piagge	90274	GRAVIDA. ALIQUAM TINCIDUNT, NUNC AC MATTIS ORNARE, LECTUS ANTE DICTUM MI,
21	Evan Kirk	consequat.enim@Sed.net	1-358-766-5690	March 10th, 2019	Ayas	58824	ELEMENTUM SEM, VITAE ALIQUAM EROS TURPIS NON ENIM. MAURIS QUIS TURPIS
22	Ruth Wilson	consectetuer.rhoncus@enimcommodohendrerit.co.uk	1-462-780-2309	July 13th, 2018	Erie	785345	VITAE RISUS. DUIS A MI FRINGILLA
23	Zane Powers	cubilia@tellusNunclectus.net	1-933-673-7599	December 12th, 2017	Teruel	9116	ADIPISCING ELIT. CURABITUR SED TORTOR.
24	Murphy Jacobson	egestas@turpisegestas.com	1-801-527-5703	April 7th, 2019	Valkenburg aan de Geul	7088	ULTRICIES ORNARE, ELIT ELIT FERMENTUM RISUS, AT FRINGILLA PURUS MAURIS A NUNC. IN AT PEDE. CRAS VULPUTATE VELIT
25	Bree N. Brady	ridiculus.mus.Donec@tinciduntpedeac.ca	1-628-581-2500	August 20th, 2018	Stony Plain	652883	PHARETRA UT, PHARETRA SED, HENDRERIT A, ARCU. SED
26	Idona C. Acosta	Duis.elementum.dui@atpedeCras.com	1-757-161-9758	February 7th, 2018	Nagarcoil	893779	DOLOR. FUSCE FEUGIAT. LOREM IPSUM DOLOR SIT AMET, CONSECTETUER ADIPISCING ELIT. ALIQUAM AUCTOR, VELIT EGET LAOREET POSUERE, ENIM NISL ELEMENTUM
27	Joy Patton	accumsan.laoreet@aliquetmagna.com	1-785-520-9705	January 26th, 2018	Colorado Springs	52-381	MAGNA. NAM LIGULA
28	Gil Hickman	odio.Etiam.ligula@gravida.co.uk	1-332-458-2800	April 25th, 2018	Osasco	62348	NON, BIBENDUM SED, EST. NUNC LAOREET LECTUS QUIS MASSA. MAURIS VESTIBULUM, NEQUE SED DICTUM ELEIFEND, NUNC RISUS VARIUS
29	Sonya W. Sims	pretium.neque.Morbi@ante.org	1-727-947-5711	August 17th, 2019	Bradford	3188 YX	EGESTAS RHONCUS. PROIN NISL SEM,
30	Alexandra N. Solomon	Curabitur.egestas.nunc@Nunclectuspede.co.uk	1-441-595-0472	November 11th, 2017	Jaboatão dos Guararapes	61107	NEC URNA ET ARCU IMPERDIET
31	Tanisha P. Griffith	vestibulum.lorem.sit@vestibulummassarutrum.org	1-985-380-1419	March 11th, 2018	Meux	25493-805	LACUS VESTIBULUM LOREM, SIT
32	Rebecca L. Mack	posuere@malesuada.ca	1-407-550-1762	September 17th, 2018	Kirkintilloch	4900	EROS. NAM CONSEQUAT DOLOR VITAE DOLOR. DONEC FRINGILLA. DONEC
33	Roth Schultz	enim.Sed.nulla@auctorodioa.ca	1-880-731-4818	December 31st, 2018	Sellia Marina	539705	URNA. NULLAM LOBORTIS QUAM
34	Gray Foley	lorem.fringilla.ornare@libero.com	1-167-690-3723	January 18th, 2018	Neath	91909	TINCIDUNT ALIQUAM ARCU. ALIQUAM ULTRICES IACULIS ODIO. NAM INTERDUM ENIM NON NISI. AENEAN EGET METUS. IN NEC ORCI. DONEC
35	Robin Q. Pittman	ut@bibendum.com	1-842-809-3167	January 2nd, 2019	Nives	9652	SAGITTIS LOBORTIS MAURIS. SUSPENDISSE ALIQUET MOLESTIE TELLUS. AENEAN EGESTAS HENDRERIT NEQUE. IN
36	Nissim I. Pugh	aliquam@feugiatmetus.co.uk	1-225-733-4809	July 27th, 2018	Great Falls	51232	ODIO. ALIQUAM VULPUTATE ULLAMCORPER MAGNA. SED EU EROS. NAM CONSEQUAT DOLOR VITAE DOLOR. DONEC FRINGILLA.
37	Graiden M. Mason	malesuada.Integer.id@justo.net	1-203-801-2912	July 29th, 2018	Pimpri-Chinchwad	L8V 8T2	URNA, NEC LUCTUS FELIS PURUS AC TELLUS. SUSPENDISSE
38	Zia Hewitt	mollis@risusvarius.ca	1-376-511-5874	September 17th, 2018	Obaix	8864 DW	UT, SEM. NULLA INTERDUM. CURABITUR DICTUM. PHASELLUS IN FELIS. NULLA TEMPOR AUGUE AC IPSUM.
39	Quail Potts	ullamcorper.magna@justoProinnon.ca	1-504-684-1014	March 2nd, 2019	Keumiee	3276	LOBORTIS TELLUS JUSTO SIT AMET NULLA. DONEC NON JUSTO. PROIN NON
40	Candice Barrett	vel@litoratorquentper.com	1-453-634-5138	February 2nd, 2018	Ternitz	286667	ELIT SED CONSEQUAT AUCTOR, NUNC NULLA VULPUTATE DUI, NEC TEMPUS MAURIS ERAT
41	Hamish Bennett	ullamcorper.velit@pharetranibhAliquam.edu	1-963-738-1539	July 21st, 2018	Iowa City	50006	DOLOR. FUSCE
42	Inez U. Hood	feugiat.Lorem.ipsum@sociisnatoquepenatibus.co.uk	1-935-600-2177	September 1st, 2018	Gonnosfanadiga	78977	AUCTOR QUIS, TRISTIQUE AC, ELEIFEND VITAE, ERAT. VIVAMUS NISI. MAURIS NULLA. INTEGER URNA. VIVAMUS MOLESTIE DAPIBUS LIGULA. ALIQUAM
43	Macon C. Singleton	vitae@consequatauctornunc.com	1-171-164-2987	October 16th, 2019	Morinville	638013	ARCU. VESTIBULUM ANTE IPSUM PRIMIS IN FAUCIBUS ORCI LUCTUS ET ULTRICES POSUERE CUBILIA CURAE; PHASELLUS ORNARE. FUSCE MOLLIS.
44	Galena Ramos	fermentum.fermentum.arcu@euismodacfermentum.co.uk	1-674-919-7530	January 1st, 2019	Barrackpur	92527-277	DICTUM ELEIFEND, NUNC RISUS VARIUS ORCI,
45	Zachery Russell	et.malesuada.fames@nibhsit.co.uk	1-834-648-8175	April 21st, 2018	Kington	1989	MORBI ACCUMSAN LAOREET IPSUM. CURABITUR CONSEQUAT, LECTUS SIT AMET LUCTUS VULPUTATE,
46	Acton Olsen	nec@mauris.co.uk	1-673-254-1104	May 17th, 2018	Rossignol	550710	ODIO. ALIQUAM VULPUTATE ULLAMCORPER MAGNA. SED EU EROS. NAM CONSEQUAT DOLOR VITAE DOLOR. DONEC
47	Amaya Spence	interdum@idnunc.org	1-950-552-1801	December 16th, 2017	San Martino in Badia/St. Martin in Thurn	73-396	UT, PHARETRA SED, HENDRERIT A, ARCU. SED
48	Debra Kelley	a.enim@nonummy.net	1-496-814-4250	March 4th, 2018	Duluth	2665	EST MAURIS,
49	Rhea Ball	nisi.Mauris@tellus.net	1-299-888-7849	September 18th, 2019	Watson Lake	5374	COMMODO AUCTOR VELIT. ALIQUAM
50	Jemima S. Foley	congue.In@nullamagnamalesuada.net	1-128-999-2414	December 10th, 2018	Oromocto	UL89 0SV	ET MALESUADA FAMES AC TURPIS EGESTAS. FUSCE
51	Basil Greer	Morbi.neque@justo.ca	1-784-693-4282	August 30th, 2018	Salem	1918	MAGNA. CRAS CONVALLIS CONVALLIS DOLOR. QUISQUE TINCIDUNT PEDE AC URNA. UT
52	Gage Y. Mayo	Fusce.diam@ultriciesdignissimlacus.edu	1-851-408-9553	July 13th, 2019	Morhet	12951	PARTURIENT MONTES, NASCETUR RIDICULUS MUS. PROIN VEL NISL. QUISQUE FRINGILLA EUISMOD ENIM. ETIAM
53	Kennedy Coleman	porttitor.tellus@eratvitaerisus.co.uk	1-961-311-3722	January 2nd, 2019	Ulm	98467	FACILISI. SED NEQUE. SED EGET LACUS. MAURIS NON DUI
54	Veda Medina	porttitor.tellus@vitaesemper.net	1-820-825-0679	March 20th, 2019	Villanovafranca	00561	IACULIS ALIQUET DIAM. SED DIAM LOREM, AUCTOR QUIS,
55	Odysseus E. Sloan	lobortis@Vivamusmolestiedapibus.co.uk	1-378-523-4087	April 17th, 2018	Vaux-sur-Sure	6959	IPSUM DOLOR SIT AMET, CONSECTETUER ADIPISCING ELIT. ETIAM LAOREET,
56	Salvador S. Barrett	nec.tempus@sitametornare.org	1-601-441-1139	April 3rd, 2019	Chaumont-Gistoux	89757	AUCTOR, NUNC NULLA VULPUTATE DUI,
57	Rhona Dickerson	mus@enimMauris.edu	1-359-193-1354	April 6th, 2019	Tarrasa	0636	INTEGER TINCIDUNT ALIQUAM ARCU. ALIQUAM ULTRICES IACULIS ODIO. NAM INTERDUM ENIM NON
58	Jared O. Spears	Phasellus@ultricies.co.uk	1-579-565-1792	April 27th, 2019	Ofena	9905	ULTRICES, MAURIS IPSUM PORTA ELIT, A FEUGIAT TELLUS LOREM EU METUS. IN LOREM. DONEC ELEMENTUM, LOREM UT ALIQUAM
59	Medge Beck	massa.Suspendisse.eleifend@Nunc.edu	1-647-602-0175	December 9th, 2018	Ipswich	7786	TORTOR NIBH
60	Sloane Greene	luctus@diamloremauctor.com	1-556-643-9215	October 16th, 2018	Slough	1234	PEDE, ULTRICES A, AUCTOR NON, FEUGIAT NEC, DIAM. DUIS MI ENIM, CONDIMENTUM EGET, VOLUTPAT ORNARE, FACILISIS EGET, IPSUM. DONEC SOLLICITUDIN
61	Judith Padilla	euismod.ac.fermentum@dignissim.edu	1-244-153-2736	May 2nd, 2019	San Isidro de El General	4993 HB	EU, PLACERAT EGET, VENENATIS A, MAGNA. LOREM IPSUM DOLOR SIT AMET, CONSECTETUER ADIPISCING ELIT. ETIAM LAOREET, LIBERO
62	Rebekah Z. Guerrero	arcu.Vivamus.sit@quamvel.com	1-473-436-9582	February 12th, 2018	Ingraj Bazar	8334	URNA CONVALLIS ERAT, EGET TINCIDUNT DUI AUGUE EU TELLUS.
63	Astra Pierce	dolor.Donec@sapien.co.uk	1-383-914-1628	December 17th, 2018	Wood Buffalo	40613	IN MOLESTIE TORTOR NIBH SIT AMET ORCI. UT SAGITTIS LOBORTIS MAURIS. SUSPENDISSE ALIQUET MOLESTIE TELLUS. AENEAN EGESTAS HENDRERIT NEQUE.
64	Barbara P. Sutton	pede.ultrices@mattisIntegereu.ca	1-415-332-5227	August 22nd, 2018	Recife	11589	ET LIBERO. PROIN MI. ALIQUAM GRAVIDA MAURIS UT
65	Doris B. Hines	lobortis.ultrices.Vivamus@sodalesat.org	1-252-436-8995	November 8th, 2019	Valéncia	5498	AC METUS VITAE VELIT EGESTAS LACINIA. SED CONGUE, ELIT
66	Rowan A. Oneil	et@facilisisvitaeorci.org	1-939-798-8752	February 18th, 2019	Juneau	7445 OT	QUISQUE LIBERO LACUS, VARIUS ET, EUISMOD ET, COMMODO AT, LIBERO.
67	Veronica V. Hebert	cursus.purus@congue.com	1-324-309-2738	August 19th, 2019	Emines	71808	TINCIDUNT PEDE AC URNA. UT TINCIDUNT VEHICULA RISUS. NULLA EGET METUS EU ERAT
68	Galena Q. Ramsey	Nunc@id.ca	1-819-726-9064	January 27th, 2018	Motueka	98-187	VELIT. ALIQUAM NISL. NULLA EU NEQUE PELLENTESQUE MASSA LOBORTIS ULTRICES. VIVAMUS RHONCUS. DONEC EST. NUNC ULLAMCORPER, VELIT IN ALIQUET LOBORTIS,
69	Ria Y. Graves	viverra@Nullaaliquet.net	1-247-674-4362	October 19th, 2018	Fort Smith	82-327	ULTRICES SIT AMET, RISUS. DONEC NIBH ENIM, GRAVIDA SIT AMET, DAPIBUS ID,
70	Alea Crawford	vel@tempor.ca	1-499-790-7179	May 17th, 2019	Cádiz	57803	TURPIS EGESTAS. ALIQUAM FRINGILLA CURSUS PURUS. NULLAM SCELERISQUE NEQUE SED SEM EGESTAS BLANDIT. NAM NULLA MAGNA, MALESUADA VEL, CONVALLIS
71	Ryder Oliver	congue.turpis.In@tellus.co.uk	1-550-338-0604	December 6th, 2018	Rovereto	21503	ET, EUISMOD ET, COMMODO
72	Aladdin Britt	metus.sit@aliquamarcu.co.uk	1-494-580-6718	May 29th, 2018	Raymond	60118	A, SCELERISQUE SED, SAPIEN. NUNC PULVINAR ARCU ET PEDE. NUNC SED ORCI
73	Hop B. Mcfadden	condimentum@faucibusut.edu	1-986-105-9616	July 19th, 2018	Mesa	69002	CONGUE, ELIT SED CONSEQUAT AUCTOR, NUNC NULLA VULPUTATE DUI, NEC TEMPUS MAURIS ERAT EGET IPSUM. SUSPENDISSE SAGITTIS. NULLAM VITAE DIAM.
74	Victoria C. Vaughn	Maecenas.iaculis.aliquet@nunc.co.uk	1-665-859-7562	March 11th, 2019	Delmenhorst	8017	DICTUM MI,
75	Robert Hatfield	auctor@velit.ca	1-855-867-1028	February 3rd, 2018	Vallenar	9263 OT	SED MOLESTIE. SED ID RISUS QUIS DIAM LUCTUS LOBORTIS. CLASS APTENT
76	Myles Ferguson	sed.pede@tellusjustosit.org	1-961-413-6059	October 19th, 2019	Alvito	A6Q 7OS	METUS FACILISIS LOREM TRISTIQUE ALIQUET. PHASELLUS FERMENTUM CONVALLIS LIGULA. DONEC
77	Jada Y. Church	convallis@DonecfringillaDonec.net	1-796-709-4831	November 29th, 2017	Sant'Elia a Pianisi	34608	FAUCIBUS LECTUS, A SOLLICITUDIN ORCI SEM EGET MASSA. SUSPENDISSE ELEIFEND. CRAS SED LEO.
78	Candace W. Benton	Suspendisse.ac.metus@aliquetPhasellus.co.uk	1-496-873-3813	July 18th, 2019	San Gregorio	60410	LECTUS RUTRUM URNA, NEC LUCTUS FELIS PURUS AC TELLUS. SUSPENDISSE SED DOLOR. FUSCE MI LOREM,
79	Kelly G. Huber	tellus@cursus.org	1-213-662-2165	February 27th, 2018	Temuka	13074-843	SAPIEN IMPERDIET ORNARE. IN FAUCIBUS. MORBI VEHICULA. PELLENTESQUE TINCIDUNT TEMPUS
80	Dorian X. Palmer	iaculis.nec.eleifend@adlitora.com	1-711-373-8918	November 3rd, 2018	Paradise	7662	SIT AMET MASSA. QUISQUE PORTTITOR EROS NEC TELLUS. NUNC LECTUS PEDE, ULTRICES A, AUCTOR NON, FEUGIAT NEC, DIAM. DUIS MI
81	Kareem B. Warren	vulputate@Nam.net	1-495-552-6561	August 18th, 2019	Akşehir	51005	LUCTUS. CURABITUR EGESTAS NUNC SED LIBERO. PROIN SED
82	Rina Banks	magna.Duis@massa.ca	1-813-953-7673	October 10th, 2019	Bhiwani	5168	A SOLLICITUDIN ORCI SEM EGET MASSA. SUSPENDISSE ELEIFEND. CRAS SED LEO. CRAS VEHICULA ALIQUET LIBERO. INTEGER IN MAGNA.
83	Nash Quinn	egestas.ligula.Nullam@sollicitudinadipiscing.com	1-390-132-6496	June 6th, 2019	Beveren	87025	ALIQUAM NISL. NULLA EU NEQUE PELLENTESQUE MASSA LOBORTIS ULTRICES. VIVAMUS RHONCUS. DONEC EST. NUNC
84	Shana Alston	Donec@lobortisultricesVivamus.org	1-448-617-1312	May 3rd, 2018	Wanneroo	139959	SOLLICITUDIN ORCI SEM EGET MASSA. SUSPENDISSE ELEIFEND. CRAS SED
85	Risa Moran	in@augueeutellus.co.uk	1-817-730-0625	January 21st, 2019	Medemblik	4408	DONEC ELEMENTUM, LOREM UT ALIQUAM IACULIS, LACUS PEDE
86	Moses Wilkerson	in@nullavulputatedui.edu	1-371-538-4572	December 27th, 2018	Reims	K5H 8C2	EGET TINCIDUNT DUI AUGUE EU TELLUS. PHASELLUS ELIT PEDE, MALESUADA VEL, VENENATIS VEL, FAUCIBUS ID, LIBERO. DONEC CONSECTETUER MAURIS ID
87	Dean Rogers	nunc.ullamcorper.eu@dictumeueleifend.net	1-370-904-3596	April 12th, 2019	Weelde	48996	SED, HENDRERIT A, ARCU. SED ET LIBERO. PROIN MI. ALIQUAM GRAVIDA MAURIS UT MI. DUIS RISUS ODIO, AUCTOR VITAE,
88	Imani Blanchard	sed@ornarelectus.com	1-259-579-6962	April 8th, 2018	Lo Espejo	85671	EST, MOLLIS NON, CURSUS NON, EGESTAS A, DUI. CRAS PELLENTESQUE. SED DICTUM. PROIN EGET ODIO. ALIQUAM
89	Sybill Hunter	scelerisque@dui.com	1-990-847-3502	April 26th, 2019	Montpelier	246268	MI ENIM, CONDIMENTUM EGET, VOLUTPAT ORNARE, FACILISIS
90	Luke V. Montgomery	nascetur@temporarcuVestibulum.ca	1-584-665-5919	August 27th, 2019	Évreux	7983	TINCIDUNT TEMPUS RISUS. DONEC EGESTAS.
91	Barclay Le	sem@tellusSuspendisse.ca	1-229-567-9838	June 24th, 2018	St. Albert	8402	ELEIFEND, NUNC RISUS VARIUS ORCI, IN CONSEQUAT ENIM
92	Shelby P. William	neque.Morbi@laciniaSed.edu	1-962-463-4022	December 21st, 2017	Sneek	58650	NUNC SED ORCI LOBORTIS AUGUE SCELERISQUE MOLLIS. PHASELLUS LIBERO MAURIS, ALIQUAM EU, ACCUMSAN SED, FACILISIS VITAE, ORCI. PHASELLUS DAPIBUS
93	Karen Shepard	lobortis.quam@ligulaDonec.edu	1-574-412-4079	October 6th, 2019	Bursa	9531 RQ	TEMPUS NON, LACINIA AT, IACULIS QUIS, PEDE. PRAESENT EU
94	Preston R. Campos	arcu@sed.org	1-418-577-4755	January 27th, 2019	Inuvik	3025	MAURIS.
95	Ramona L. Sellers	sagittis@Curabitur.co.uk	1-949-517-9937	November 2nd, 2019	New Quay	96302	AC TURPIS
96	Ivana Baird	nibh.lacinia.orci@eratnequenon.org	1-617-608-5278	October 16th, 2019	Saint-Maur-des-Fossés	8731 MO	DUIS SIT AMET DIAM
97	Audra Callahan	feugiat.placerat.velit@lobortis.org	1-630-797-1333	October 13th, 2019	Ludwigshafen	235328	METUS. IN LOREM. DONEC ELEMENTUM, LOREM UT ALIQUAM IACULIS, LACUS
98	Quynn K. Paul	lectus@maurisaliquam.com	1-815-641-7857	March 19th, 2018	Telfs	83619	MAGNA SED DUI. FUSCE ALIQUAM, ENIM NEC TEMPUS SCELERISQUE, LOREM IPSUM SODALES PURUS, IN MOLESTIE TORTOR
99	Cain Z. Good	ac.ipsum.Phasellus@mattisCraseget.org	1-690-844-8532	September 8th, 2019	Cauquenes	61865	SEM. PELLENTESQUE UT
